,#id,sentence_length,characters_per_word,syllables_per_word,text_length,noun_phrases_per_sent,tree_height,sub_clauses_per_sent,sents_with_verb_as_root,sents_with_nouns_as_root,POS_verbs,POS_aux_verbs,POS_nouns,POS_adjectives,POS_punctuations,POS_determiners,POS_pronouns,POS_conjunctions,POS_numerales,POS_adpositions,ttr,lexical_complexity_score,verbs_in_sentence,semantic_similarity_nouns,semantic_similarity_verbs,semantic_similarity_adjectives,pronouns_per_sentence,articles_per_sentence,count_of_discourse_markers,Contingency.Cause.Reason,Expansion.Substitution.Arg2-as-subst,Contingency.Cause.Result,Contingency.Purpose.Arg1-as-goal,Expansion.Conjunction,Temporal.Asynchronous.Succession,Comparison.Contrast,Temporal.Asynchronous.Precedence,Expansion.Exception.Arg2-as-except,Comparison.Concession.Arg1-as-denier,Contingency.Negative-condition.Arg2-as-negCond,Expansion.Disjunction,Expansion.Manner.Arg1-as-manner,Contingency.Negative-condition.Arg1-as-negCond,Comparison.Concession.Arg2-as-denier,Temporal.Synchronous,Contingency.Purpose.Arg2-as-goal,Expansion.Exception.Arg1-as-except,Expansion.Level-of-detail.Arg2-as-detail,Expansion.Substitution.Arg1-as-subst,Contingency.Condition.Arg1-as-cond,Expansion.Instantiation.Arg2-as-instance,Contingency.Condition.Arg2-as-cond,Expansion.Equivalence,Expansion.Manner.Arg2-as-manner
0,summary_FFN_maz-10110,21.8,5.8256879999999995,2.119266,109,5.6,7.0,1.0,0.2,0.0,0.18348599999999998,0.082569,0.165138,0.10091699999999999,0.099174,0.146789,0.082569,0.06422,0.211009,0.082569,0.730769,7.983065,4.0,0.212902,0.39494,0.214825,1.8,1.8,2.4,1,0,0,0,5,0,1,0,0,1,0,0,0,0,1,0,0,0,0,0,0,0,1,1,1
1,summary_FFN_maz-10175,15.5,7.0,2.3870970000000002,31,4.5,7.0,0.5,0.5,0.0,0.16129000000000002,0.06451599999999999,0.290323,0.096774,0.08823500000000001,0.225806,0.0,0.0,0.16129000000000002,0.096774,0.896552,7.877018,2.5,0.332962,0.490623,0.183535,0.0,1.5,1.5,0,0,0,0,0,0,0,1,0,0,0,0,0,0,0,2,0,0,0,0,0,0,0,0,0
2,summary_FFN_maz-10205,17.666667,5.820755,2.0660380000000003,106,5.5,6.6666669999999995,1.0,0.5,0.0,0.103774,0.04717,0.216981,0.141509,0.10924400000000001,0.141509,0.028301999999999997,0.009434,0.18867899999999999,0.122642,0.78,8.82652,1.833333,0.189778,0.551246,0.180492,0.5,2.0,0.833333,0,0,0,0,2,0,1,0,0,0,0,0,0,0,0,1,1,0,0,0,0,0,0,0,0
3,summary_FFN_maz-10207,27.714285999999998,5.690722,1.979381,194,8.428571,7.857142999999999,1.4285709999999998,0.714286,0.0,0.134021,0.041237,0.23195900000000003,0.082474,0.097674,0.12371099999999999,0.06701,0.082474,0.154639,0.082474,0.6918920000000001,8.527178,3.714286,0.205673,0.37305,0.272534,1.857143,2.428571,4.142857,1,0,3,0,13,1,1,1,0,0,0,0,0,0,1,2,5,0,0,0,0,0,1,0,0
4,summary_FFN_maz-10374,25.5,5.303922,1.8725490000000002,102,6.5,7.5,0.5,0.75,0.0,0.08823500000000001,0.019608,0.166667,0.068627,0.055555999999999994,0.166667,0.04902,0.04902,0.117647,0.156863,0.663265,8.001789,2.25,0.147925,0.239948,0.129477,1.25,3.0,3.5,2,0,0,0,2,0,3,0,0,1,0,0,0,0,0,3,2,0,0,0,0,0,0,1,0
5,summary_FFN_maz-10423,18.0,5.537037000000001,1.953704,108,4.0,7.1666669999999995,1.0,0.0,0.0,0.138889,0.064815,0.194444,0.11111099999999999,0.114754,0.175926,0.055555999999999994,0.027777999999999997,0.185185,0.11111099999999999,0.705882,7.772746000000001,2.5,0.160154,0.3849,0.163175,1.0,2.166667,2.833333,2,0,3,0,2,0,1,1,0,0,0,0,0,0,0,3,4,0,0,0,0,0,1,0,0
6,summary_FFN_maz-10503,14.4,5.9166669999999995,2.152778,72,3.8,5.2,0.8,0.6,0.0,0.166667,0.069444,0.194444,0.152778,0.11111099999999999,0.152778,0.069444,0.027777999999999997,0.208333,0.083333,0.776119,8.620585,2.4,0.19934100000000002,0.44810900000000004,0.17349,1.0,1.6,1.4,1,0,0,0,2,0,0,0,0,0,0,0,0,0,0,4,0,0,0,0,0,0,0,0,0
7,summary_FFN_maz-10575,21.8,5.541283999999999,1.9816509999999998,109,5.8,6.6,1.6,0.2,0.0,0.165138,0.06422,0.211009,0.09174299999999999,0.106557,0.11926600000000001,0.055046000000000005,0.073394,0.18348599999999998,0.12844,0.7403850000000001,8.360555999999999,3.6,0.173484,0.41053100000000003,0.22719699999999998,1.2,1.4,2.2,0,0,1,0,3,2,0,0,0,0,0,0,0,0,0,1,2,0,0,0,0,0,1,1,0
8,summary_FFN_maz-10652,27.0,5.370369999999999,1.814815,27,6.0,7.0,2.0,0.0,0.0,0.22222199999999998,0.11111099999999999,0.11111099999999999,0.074074,0.15625,0.11111099999999999,0.11111099999999999,0.074074,0.22222199999999998,0.037037,0.8846149999999999,7.070724,6.0,0.050376,0.48101400000000005,0.10228999999999999,3.0,2.0,4.0,0,0,0,0,1,0,0,0,0,1,0,0,0,0,1,0,0,0,0,0,0,0,0,0,0
9,summary_FFN_maz-10902,16.5,5.4545449999999995,2.040404,99,4.5,6.8333330000000005,1.333333,0.166667,0.166667,0.212121,0.10101,0.212121,0.080808,0.123894,0.11111099999999999,0.070707,0.070707,0.212121,0.090909,0.755319,6.930027000000001,3.5,0.159402,0.389021,0.274969,1.166667,0.666667,1.666667,1,0,1,0,4,1,0,0,0,0,0,0,0,0,0,1,2,0,0,0,0,0,0,0,0
10,summary_FFN_maz-11177,12.666667,5.77193,2.201754,114,3.5555559999999997,5.111111,0.333333,0.11111099999999999,0.11111099999999999,0.131579,0.06140399999999999,0.280702,0.096491,0.102362,0.192982,0.0,0.017544,0.219298,0.122807,0.641509,8.206145,1.666667,0.150418,0.404044,0.154977,0.0,1.888889,0.555556,1,0,0,0,1,1,0,0,0,0,0,0,0,0,0,1,1,0,0,0,0,0,0,0,0
11,summary_FFN_maz-11279,34.0,5.629412,2.058824,170,11.2,10.0,4.2,0.6,0.0,0.15294100000000002,0.041176,0.194118,0.052940999999999995,0.132653,0.141176,0.070588,0.076471,0.18823499999999999,0.10588199999999999,0.6727270000000001,8.207742,5.2,0.24243800000000001,0.28488600000000003,0.307581,2.4,3.0,5.2,5,1,2,0,8,0,0,0,0,0,0,0,0,1,0,4,4,0,0,0,0,0,0,1,0
12,summary_FFN_maz-11280,24.25,6.412371,2.164948,97,6.75,8.25,1.75,0.75,0.0,0.12371099999999999,0.030927999999999997,0.195876,0.12371099999999999,0.101852,0.154639,0.092784,0.051546,0.154639,0.113402,0.763441,8.829958,3.0,0.333504,0.33155,0.174569,2.25,2.5,3.0,0,0,1,0,3,0,2,1,0,0,0,0,0,0,0,1,2,0,0,0,0,0,0,1,1
13,summary_FFN_maz-11299,19.0,5.175439,2.035088,57,6.0,6.6666669999999995,2.0,0.333333,0.0,0.157895,0.035088,0.175439,0.017544,0.208333,0.10526300000000001,0.070175,0.087719,0.350877,0.035088,0.851852,7.041639999999999,3.0,0.16505,0.412915,0.0,1.333333,1.666667,1.666667,0,0,0,0,2,0,1,0,0,0,0,0,0,0,0,0,1,0,0,0,0,0,1,0,0
14,summary_FFN_maz-11318,13.777778,6.112903,2.258065,124,3.5555559999999997,5.555556,0.666667,0.44444399999999995,0.0,0.169355,0.07258099999999999,0.25,0.112903,0.10791400000000001,0.10483900000000002,0.032257999999999995,0.016128999999999998,0.225806,0.137097,0.7391300000000001,8.57897,2.333333,0.109372,0.406121,0.163827,0.44444399999999995,1.444444,0.44444399999999995,1,0,0,0,0,0,0,2,0,0,0,0,0,0,0,0,1,0,0,0,0,0,0,0,0
15,summary_FFN_maz-11507,19.0,6.245614,2.105263,114,5.1666669999999995,5.8333330000000005,1.166667,0.5,0.0,0.114035,0.026316000000000003,0.22807,0.087719,0.102362,0.131579,0.026316000000000003,0.035088,0.219298,0.140351,0.75,9.136014,2.166667,0.12958699999999998,0.42551400000000006,0.230606,0.5,1.833333,1.833333,0,0,0,0,5,0,3,0,0,1,0,0,0,0,0,1,1,0,0,0,0,0,0,0,0
16,summary_FFN_maz-11544,19.5,6.615385000000001,2.461538,39,6.0,7.0,1.0,0.0,0.5,0.153846,0.05128200000000001,0.25640999999999997,0.153846,0.09302300000000001,0.153846,0.05128200000000001,0.025641000000000004,0.153846,0.12820499999999999,0.810811,8.703335000000001,3.0,0.190189,0.403321,0.227829,1.0,2.5,0.5,0,0,0,0,1,0,0,0,0,0,0,0,0,0,0,0,0,0,0,0,0,0,0,0,0
17,summary_FFN_maz-11670,14.5,5.528736,2.057471,87,4.5,5.6666669999999995,0.833333,0.833333,0.0,0.149425,0.045977,0.20689699999999997,0.091954,0.13,0.103448,0.091954,0.011493999999999999,0.22988499999999998,0.137931,0.82716,7.3386949999999995,2.166667,0.117556,0.421124,0.164787,1.333333,0.666667,1.0,0,0,0,0,2,2,0,0,0,0,0,0,0,0,0,1,1,0,0,0,0,0,0,0,0
18,summary_FFN_maz-11735,14.25,6.368421,2.315789,57,3.75,5.75,0.75,0.5,0.0,0.175439,0.052632000000000005,0.192982,0.140351,0.149254,0.122807,0.035088,0.017544,0.280702,0.070175,0.8461540000000001,8.180045,2.5,0.089741,0.346271,0.351356,0.5,1.25,0.75,0,0,1,0,0,0,0,0,0,0,0,0,0,0,0,0,1,0,0,0,0,0,0,1,0
19,summary_FFN_maz-11766,15.428571,5.9166669999999995,2.231481,108,4.142857,5.571429,1.0,0.428571,0.0,0.185185,0.055555999999999994,0.24074099999999998,0.064815,0.114754,0.148148,0.018519,0.046296,0.231481,0.092593,0.752475,8.538541,2.857143,0.060527,0.362184,0.3097,0.28571399999999997,2.0,1.142857,1,0,0,0,1,0,2,0,0,1,0,0,0,0,1,0,1,0,0,0,0,0,1,0,0
20,summary_FFN_maz-11916,19.166667,5.478261,1.9913040000000002,115,5.3333330000000005,7.1666669999999995,1.0,0.5,0.0,0.156522,0.034783,0.208696,0.095652,0.101562,0.13913,0.069565,0.026087,0.2,0.095652,0.715596,7.902116,3.0,0.121223,0.46265200000000006,0.140899,1.333333,1.833333,1.166667,0,0,1,0,3,0,0,0,0,0,0,0,0,0,2,0,1,0,0,0,0,0,0,0,0
21,summary_FFN_maz-12084,23.25,5.677419,2.032258,93,6.0,8.25,2.0,0.5,0.0,0.225806,0.06451599999999999,0.16129000000000002,0.096774,0.11428599999999998,0.075269,0.139785,0.06451599999999999,0.172043,0.096774,0.719101,7.6545,5.25,0.188466,0.388825,0.259716,3.25,1.0,2.5,2,0,0,0,2,0,0,0,0,0,0,0,0,1,2,3,0,0,0,0,0,0,0,0,0
22,summary_FFN_maz-12188,9.0,7.0,2.333333,9,2.0,4.0,0.0,0.0,0.0,0.22222199999999998,0.11111099999999999,0.22222199999999998,0.11111099999999999,0.1,0.22222199999999998,0.0,0.0,0.22222199999999998,0.0,1.0,9.734950999999999,2.0,0.232381,0.0,0.0,0.0,1.0,0.0,0,0,0,0,0,0,0,0,0,0,0,0,0,0,0,0,0,0,0,0,0,0,0,0,0
23,summary_FFN_maz-12473,19.0,6.45614,2.2807020000000002,57,5.3333330000000005,7.0,1.666667,0.333333,0.0,0.175439,0.070175,0.245614,0.087719,0.12307699999999999,0.122807,0.035088,0.052632000000000005,0.192982,0.122807,0.796296,8.304731,3.333333,0.21171199999999998,0.55307,0.41198900000000005,0.666667,1.666667,2.0,0,0,1,0,3,0,0,1,0,0,0,0,0,0,0,1,0,0,0,0,0,0,0,0,0
24,summary_FFN_maz-12510,12.0,4.5,1.75,12,5.0,7.0,2.0,1.0,0.0,0.25,0.083333,0.333333,0.0,0.2,0.083333,0.083333,0.083333,0.333333,0.0,1.0,7.208415,3.0,0.348283,0.27825900000000003,0.0,1.0,1.0,1.0,0,0,0,0,1,0,0,0,0,0,0,0,0,0,0,0,0,0,0,0,0,0,0,0,0
25,summary_FFN_maz-12576,19.2,6.3333330000000005,2.104167,96,4.8,6.4,0.8,0.4,0.2,0.197917,0.09375,0.21875,0.09375,0.085714,0.135417,0.041667,0.0625,0.166667,0.09375,0.782609,8.761797,3.8,0.181824,0.405686,0.258349,0.8,2.0,2.2,1,0,1,0,2,0,0,1,0,0,0,0,0,0,0,2,1,0,0,0,0,0,2,1,0
26,summary_FFN_maz-12976,17.571429000000002,5.682926999999999,2.081301,123,5.0,5.857143,0.857143,0.14285699999999998,0.0,0.154472,0.056911,0.21138200000000001,0.056911,0.121429,0.170732,0.065041,0.056911,0.21138200000000001,0.081301,0.681034,7.984715,2.714286,0.172178,0.365363,0.447222,1.142857,2.428571,1.5714290000000002,0,0,1,0,2,0,2,0,0,1,0,1,0,0,0,0,2,0,0,0,0,0,1,1,0
27,summary_FFN_maz-13015,20.285714000000002,5.626761,2.0140849999999997,142,6.285714,6.857142999999999,1.5714290000000002,0.571429,0.0,0.161972,0.042254,0.23239400000000002,0.07746499999999999,0.13414600000000002,0.15492999999999998,0.07746499999999999,0.042254,0.23239400000000002,0.10563399999999999,0.696296,8.76244,3.285714,0.133744,0.36738200000000004,0.17141900000000002,1.5714290000000002,2.571429,2.142857,3,0,0,0,5,0,0,0,0,0,0,0,0,0,0,3,1,0,0,0,0,0,1,0,0
28,summary_FFN_maz-13125,25.75,5.271845,1.902913,103,7.0,8.0,0.75,0.5,0.0,0.07767,0.029126,0.23301,0.116505,0.072072,0.18446600000000002,0.009709,0.038835,0.15534,0.15534,0.676768,9.28646,2.0,0.125633,0.405939,0.132777,0.25,3.5,2.0,0,0,0,0,3,1,0,0,0,0,0,0,0,0,0,1,2,0,0,0,0,0,1,0,0
29,summary_FFN_maz-13153,16.25,6.6,2.384615,65,4.25,5.5,0.5,0.0,0.0,0.076923,0.061538,0.276923,0.138462,0.097222,0.169231,0.015385,0.061538,0.184615,0.092308,0.7540979999999999,8.136927,1.25,0.18087,0.0,0.19225,0.25,1.75,2.75,1,1,0,0,3,2,1,0,0,0,0,0,0,0,0,0,1,0,0,0,0,1,1,0,0
30,summary_FFN_maz-13311,17.833333,6.700935,2.383178,107,4.5,6.0,1.0,0.333333,0.0,0.130841,0.046729,0.22429899999999997,0.130841,0.115702,0.11215,0.046729,0.074766,0.261682,0.121495,0.752475,8.081475,2.333333,0.21005300000000002,0.461823,0.27114099999999997,0.833333,1.5,2.333333,2,0,0,0,4,0,2,0,0,0,0,0,0,0,0,1,3,0,0,0,0,0,1,1,0
31,summary_FFN_maz-13507,20.25,5.530864,2.012346,81,6.25,6.5,1.25,0.75,0.0,0.19753099999999998,0.074074,0.148148,0.024691,0.138298,0.11111099999999999,0.123457,0.037037,0.23456799999999997,0.11111099999999999,0.779221,8.566578,4.0,0.280004,0.247538,0.0,2.5,1.25,1.5,0,0,0,0,2,0,1,0,0,1,0,0,0,0,0,2,0,0,0,0,0,0,0,0,0
32,summary_FFN_maz-13758,11.75,5.914894,2.1276599999999997,47,3.5,4.75,0.5,0.25,0.25,0.12766,0.042553,0.255319,0.06383,0.09615399999999999,0.12766,0.06383,0.021277,0.170213,0.12766,0.818182,7.0039940000000005,1.5,0.075878,0.495435,0.335949,0.75,1.0,1.5,1,0,1,0,0,0,0,0,0,0,0,0,0,0,0,0,3,0,0,0,0,0,1,0,0
33,summary_FFN_maz-13915,19.666667,4.898305000000001,1.7288139999999999,59,6.3333330000000005,7.0,2.0,0.666667,0.0,0.186441,0.050847,0.22033899999999998,0.033898000000000005,0.132353,0.118644,0.084746,0.050847,0.20339000000000002,0.118644,0.767857,7.643211999999999,3.666667,0.188538,0.513205,-0.070725,1.666667,2.333333,3.0,0,0,0,0,2,0,1,1,0,0,0,0,0,1,0,2,2,0,0,0,0,0,0,0,0
34,summary_FFN_maz-13946,19.0,5.9736839999999995,2.105263,152,5.125,7.375,0.75,0.5,0.0,0.125,0.046053,0.256579,0.11184200000000001,0.126437,0.14473699999999998,0.032895,0.026316000000000003,0.22368400000000002,0.138158,0.673611,8.606061,2.375,0.216166,0.48580200000000007,0.288521,0.625,1.875,1.75,0,0,0,0,1,0,3,0,0,1,0,1,0,0,0,4,3,0,0,0,0,0,0,1,0
35,summary_FFN_maz-14047,22.8,6.657895,2.2807020000000002,114,6.2,8.2,0.6,0.2,0.0,0.192982,0.070175,0.192982,0.06140399999999999,0.06557400000000001,0.175439,0.052632000000000005,0.070175,0.140351,0.078947,0.6880729999999999,7.959625,4.4,0.146215,0.42811899999999997,0.221992,1.2,2.6,2.2,0,1,0,0,5,1,1,0,0,0,0,1,0,0,0,0,2,0,0,0,0,0,0,0,0
36,summary_FFN_maz-14055,25.5,5.852941,2.078431,102,7.25,7.0,2.0,0.0,0.0,0.186275,0.08823500000000001,0.21568600000000002,0.058824,0.12820499999999999,0.196078,0.058824,0.04902,0.205882,0.078431,0.731959,8.070594,4.75,0.22146799999999997,0.282398,0.15943,1.5,3.75,1.5,0,0,0,0,2,1,0,0,0,0,0,0,0,0,1,1,1,0,0,0,0,0,0,0,0
37,summary_FFN_maz-14071,15.5,5.870968,2.0967740000000004,31,4.5,6.0,1.5,0.0,0.0,0.225806,0.12903199999999998,0.193548,0.06451599999999999,0.138889,0.032257999999999995,0.06451599999999999,0.0,0.225806,0.096774,0.896552,7.846667999999999,3.5,0.272148,0.39832,0.237679,1.0,0.5,2.0,0,0,1,0,1,0,2,0,0,0,0,0,0,0,0,0,0,0,0,0,0,0,0,0,0
38,summary_FFN_maz-14072,10.333333,5.967741999999999,2.16129,31,3.666667,5.3333330000000005,0.666667,0.666667,0.333333,0.12903199999999998,0.0,0.225806,0.096774,0.138889,0.12903199999999998,0.12903199999999998,0.096774,0.225806,0.032257999999999995,0.827586,8.443612,1.333333,0.079475,0.39231,0.404049,1.333333,1.333333,1.333333,0,0,0,0,2,0,1,0,0,0,0,0,0,0,0,0,0,0,0,0,0,0,1,0,0
39,summary_FFN_maz-14172,34.0,5.352941,1.8382349999999998,68,9.0,9.0,4.0,0.0,0.0,0.147059,0.073529,0.205882,0.08823500000000001,0.139241,0.17647100000000002,0.044118,0.029412,0.205882,0.073529,0.769231,8.080200999999999,5.0,0.168245,0.549044,0.297663,1.5,3.5,3.5,1,0,2,0,1,0,0,0,0,0,0,0,0,0,0,2,1,0,0,0,0,0,0,0,0
40,summary_FFN_maz-1423,16.666667,6.18,2.16,50,4.3333330000000005,8.0,1.333333,0.666667,0.0,0.16,0.04,0.26,0.1,0.122807,0.14,0.0,0.04,0.22,0.12,0.893617,7.7642869999999995,2.666667,0.24418800000000002,0.387165,0.142805,0.0,1.333333,1.666667,0,0,0,0,1,0,0,0,0,0,0,0,0,0,0,1,2,0,0,0,0,0,0,1,0
41,summary_FFN_maz-14384,15.6,5.371795,1.7179490000000002,78,4.4,5.8,0.6,0.4,0.0,0.11538499999999999,0.05128200000000001,0.24359,0.064103,0.09302300000000001,0.17948699999999998,0.038462,0.05128200000000001,0.153846,0.10256400000000002,0.743243,7.901355000000001,1.8,0.158724,0.453801,0.182043,0.6,1.8,1.4,1,0,0,0,1,0,4,0,0,0,0,0,0,0,0,1,0,0,0,0,0,0,0,0,0
42,summary_FFN_maz-14399,18.25,5.780822,2.0958900000000003,73,5.75,7.5,1.5,0.75,0.0,0.164384,0.054795,0.260274,0.082192,0.179775,0.136986,0.027397,0.068493,0.287671,0.068493,0.8115939999999999,8.613228999999999,3.0,0.158709,0.43047399999999997,0.18565,0.5,2.0,1.75,1,0,0,0,2,0,1,0,0,0,0,0,0,0,0,0,2,0,0,0,0,0,1,0,0
43,summary_FFN_maz-14422,15.666667000000002,4.744681,1.7021279999999999,47,5.3333330000000005,5.0,1.666667,0.666667,0.0,0.170213,0.021277,0.19148900000000002,0.0,0.16071400000000002,0.14893599999999999,0.10638299999999999,0.042553,0.23404299999999997,0.085106,0.733333,7.346933,2.666667,0.13833299999999998,0.361877,0.0,1.666667,1.333333,1.666667,1,0,1,0,1,0,1,0,0,0,0,0,0,0,0,0,0,0,0,0,0,0,1,0,0
44,summary_FFN_maz-1453,13.5,5.740741000000001,2.018519,108,4.0,5.625,0.5,0.125,0.25,0.12037,0.046296,0.25,0.074074,0.107438,0.138889,0.037037,0.027777999999999997,0.22222199999999998,0.148148,0.712871,7.141184,1.625,0.161592,0.348909,0.09625399999999999,0.5,1.5,1.125,1,0,0,0,3,0,0,0,0,1,0,0,0,0,0,1,3,0,0,0,0,0,0,0,0
45,summary_FFN_maz-14590,18.333333,6.472727,2.163636,55,5.3333330000000005,6.0,1.0,0.0,0.0,0.145455,0.072727,0.25454499999999997,0.127273,0.112903,0.2,0.036364,0.018182,0.2,0.072727,0.826923,8.75414,2.666667,0.175805,0.44230600000000003,0.09608,0.666667,2.666667,1.0,0,0,0,0,1,0,0,0,0,0,0,0,0,0,0,0,2,0,0,0,0,0,0,0,0
46,summary_FFN_maz-14654,22.5,5.5777779999999995,2.0333330000000003,90,6.0,7.0,1.5,0.5,0.0,0.14444400000000002,0.06666699999999999,0.155556,0.088889,0.134615,0.155556,0.077778,0.055555999999999994,0.266667,0.055555999999999994,0.744186,7.991977,3.25,0.285221,0.418864,0.25014200000000003,1.75,2.5,3.25,4,0,1,0,1,1,1,0,0,0,0,0,0,0,0,3,2,0,0,0,0,0,0,0,0
47,summary_FFN_maz-14792,18.333333,6.290909,2.2454549999999998,110,5.5,7.0,1.5,0.166667,0.0,0.181818,0.090909,0.21818200000000001,0.063636,0.12698399999999999,0.10909100000000001,0.118182,0.018182,0.236364,0.10909100000000001,0.644231,8.318254,3.333333,0.211707,0.313067,0.357443,2.166667,1.5,1.166667,1,0,1,0,0,0,1,1,0,0,0,0,0,0,0,2,0,0,0,0,0,0,1,0,0
48,summary_FFN_maz-14813,20.0,5.5,1.95,40,5.0,7.5,1.0,0.5,0.0,0.2,0.05,0.175,0.1,0.090909,0.1,0.075,0.05,0.15,0.05,0.8947370000000001,8.860265,4.0,0.056571,0.255352,0.19534,1.5,1.5,4.0,1,0,0,0,4,1,1,0,0,0,0,0,0,0,0,1,0,0,0,0,0,0,0,0,0
49,summary_FFN_maz-14841,20.8,6.528846,2.442308,104,6.4,7.6,2.0,0.0,0.0,0.153846,0.067308,0.25,0.125,0.168,0.09615399999999999,0.067308,0.05769199999999999,0.288462,0.067308,0.757576,9.038780000000001,3.2,0.22726300000000002,0.304819,0.28017800000000004,1.4,1.6,2.6,1,0,0,0,7,0,4,0,0,0,0,0,0,0,0,0,1,0,0,0,0,0,0,0,0
50,summary_FFN_maz-14853,22.285714000000002,5.224359,1.8141029999999998,156,6.285714,7.428571000000001,1.5714290000000002,0.857143,0.0,0.108974,0.019231,0.224359,0.083333,0.103448,0.14743599999999998,0.070513,0.064103,0.173077,0.134615,0.644295,7.515611,2.428571,0.196419,0.338404,0.187615,1.5714290000000002,2.571429,2.428571,0,1,0,0,7,0,0,0,0,0,0,1,0,0,2,1,3,0,0,0,0,0,0,2,0
51,summary_FFN_maz-14881,18.6,6.150538,2.2150540000000003,93,5.0,6.0,1.4,0.2,0.0,0.16129000000000002,0.053763,0.215054,0.086022,0.11428599999999998,0.16129000000000002,0.043011,0.06451599999999999,0.23655900000000002,0.075269,0.806818,8.579782000000002,3.0,0.170727,0.39326300000000003,0.15521500000000002,0.8,2.2,1.4,0,0,0,0,3,0,0,1,0,0,0,0,0,0,0,1,1,0,0,0,0,0,1,0,0
52,summary_FFN_maz-15155,12.0,5.05,1.8833330000000001,60,3.2,5.2,0.6,0.2,0.0,0.183333,0.1,0.266667,0.033333,0.104478,0.183333,0.033333,0.0,0.216667,0.1,0.6727270000000001,7.7174320000000005,2.2,0.11414500000000001,0.517328,0.35638600000000004,0.4,1.6,0.8,0,0,0,0,0,0,1,1,0,0,0,0,0,0,0,0,2,0,0,0,0,0,0,0,0
53,summary_FFN_maz-15209,21.666667,6.338462,2.353846,130,5.3333330000000005,7.5,0.833333,0.166667,0.0,0.153846,0.069231,0.2,0.10769200000000001,0.126667,0.11538499999999999,0.046154,0.069231,0.276923,0.084615,0.717742,8.717518,3.333333,0.083538,0.320346,0.138965,1.0,1.833333,3.0,1,0,2,0,8,0,0,2,0,0,0,0,0,0,0,3,0,0,0,0,0,0,2,0,0
54,summary_FFN_maz-15347,16.0,5.5,1.96875,96,5.6666669999999995,4.6666669999999995,1.666667,0.333333,0.166667,0.135417,0.041667,0.229167,0.0625,0.14285699999999998,0.145833,0.072917,0.03125,0.229167,0.135417,0.722222,8.1934,2.166667,0.17838099999999998,0.37240100000000004,0.23748899999999998,1.166667,1.666667,1.333333,1,0,0,0,1,0,0,1,0,0,0,0,0,0,0,0,5,0,0,0,0,0,0,0,0
55,summary_FFN_maz-15609,18.5,5.702703,2.121622,74,4.0,6.25,1.75,0.0,0.0,0.175676,0.054054,0.202703,0.094595,0.16853900000000002,0.175676,0.013513999999999998,0.054054,0.256757,0.054054,0.8,7.868637,3.25,0.199285,0.467765,0.36596999999999996,0.25,2.25,2.75,0,0,1,1,3,0,2,0,0,0,0,0,0,0,1,1,0,0,0,0,0,1,1,0,0
56,summary_FFN_maz-15702,14.333332999999998,5.837209,1.9534880000000001,43,4.3333330000000005,6.3333330000000005,0.666667,0.0,0.0,0.232558,0.09302300000000001,0.209302,0.023256,0.10416700000000001,0.09302300000000001,0.069767,0.0,0.186047,0.139535,0.85,8.989444,3.333333,0.27084600000000003,0.395061,0.0,1.0,1.0,0.0,0,0,0,0,0,0,0,0,0,0,0,0,0,0,0,0,0,0,0,0,0,0,0,0,0
57,summary_FFN_maz-15734,17.6,5.136364,1.806818,88,3.8,6.6,0.8,0.6,0.0,0.136364,0.056817999999999994,0.227273,0.090909,0.092784,0.181818,0.022727,0.079545,0.170455,0.11363599999999999,0.710843,7.98999,2.4,0.305191,0.42205600000000004,0.10282000000000001,0.4,2.0,2.4,2,0,0,0,3,0,1,1,0,0,0,0,0,0,1,1,2,0,0,0,0,0,0,0,0
58,summary_FFN_maz-15970,26.0,5.076923000000001,1.846154,26,5.0,6.0,1.0,0.0,0.0,0.076923,0.038462,0.19230799999999998,0.153846,0.07142899999999999,0.11538499999999999,0.038462,0.038462,0.230769,0.076923,0.92,7.174239,2.0,0.041757,0.0,0.098764,1.0,3.0,3.0,0,0,1,0,1,0,0,0,0,0,0,0,0,0,1,0,0,0,0,0,0,0,0,0,0
59,summary_FFN_maz-16153,18.0,6.069444,2.180556,72,4.25,7.0,1.5,0.25,0.0,0.180556,0.055555999999999994,0.194444,0.069444,0.14285699999999998,0.194444,0.027777999999999997,0.083333,0.23611100000000002,0.069444,0.808824,8.632944,3.25,0.20611999999999997,0.429425,0.19799,0.5,2.75,2.25,2,0,0,0,2,0,0,0,0,1,0,0,0,0,1,0,1,0,0,0,0,0,1,1,0
60,summary_FFN_maz-16177,15.333332999999998,5.565217,2.0217389999999997,46,4.0,6.0,0.333333,0.333333,0.0,0.152174,0.086957,0.26087,0.086957,0.08,0.195652,0.021738999999999998,0.021738999999999998,0.173913,0.108696,0.8139529999999999,7.923348,2.333333,0.1519,0.458524,0.243496,0.333333,3.0,1.0,1,0,0,0,0,0,0,0,0,0,0,0,0,0,0,1,1,0,0,0,0,0,0,0,0
61,summary_FFN_maz-16250,17.333333,5.423076999999999,1.9519229999999999,104,4.6666669999999995,6.6666669999999995,0.5,0.166667,0.166667,0.11538499999999999,0.048076999999999995,0.211538,0.076923,0.095652,0.163462,0.05769199999999999,0.076923,0.19230799999999998,0.11538499999999999,0.714286,7.513453999999999,2.0,0.11573299999999999,0.339846,0.15196800000000002,1.0,2.0,2.333333,2,0,0,0,5,0,0,0,0,0,0,1,0,0,1,1,3,0,0,0,0,0,0,0,0
62,summary_FFN_maz-16294,18.142857,5.874016,2.047244,127,5.428571,4.714286,1.0,0.571429,0.0,0.12598399999999998,0.031495999999999996,0.19685,0.047244,0.11188800000000002,0.15748,0.070866,0.023622,0.204724,0.12598399999999998,0.733333,7.963077,2.285714,0.194734,0.44631800000000005,0.08481799999999999,1.285714,2.142857,1.5714290000000002,0,0,0,0,1,1,1,1,0,0,0,0,0,0,1,3,3,0,0,0,0,0,0,0,0
63,summary_FFN_maz-16353,15.8,5.443038,1.962025,79,4.4,5.8,0.6,0.4,0.0,0.126582,0.050633,0.202532,0.088608,0.091954,0.139241,0.075949,0.012657999999999999,0.16455699999999998,0.139241,0.743243,8.39931,2.0,0.117658,0.380531,0.150167,1.2,1.8,0.8,1,1,0,0,0,0,1,0,0,0,0,0,0,0,0,0,0,0,0,0,0,0,0,1,0
64,summary_FFN_maz-16360,20.5,5.97561,2.170732,41,5.0,7.0,0.5,0.5,0.0,0.146341,0.048780000000000004,0.195122,0.073171,0.068182,0.195122,0.024390000000000002,0.024390000000000002,0.146341,0.146341,0.8205129999999999,8.694675,3.0,0.083777,0.48155299999999995,0.335861,0.5,2.5,1.5,0,0,1,0,1,0,0,0,0,0,0,0,0,0,0,0,1,0,0,0,0,0,0,0,0
65,summary_FFN_maz-16590,17.5,5.742857,2.085714,35,5.5,7.5,1.0,1.0,0.0,0.085714,0.028571,0.28571399999999997,0.085714,0.10256400000000002,0.085714,0.05714299999999999,0.028571,0.228571,0.228571,0.909091,9.712375,1.5,0.112974,0.385756,0.23756799999999997,1.0,1.0,2.0,1,0,0,0,0,0,0,0,0,0,0,0,0,0,0,1,2,0,0,0,0,0,0,0,0
66,summary_FFN_maz-1679,15.166667000000002,5.626374,1.912088,91,3.833333,6.0,0.833333,0.333333,0.0,0.16483499999999998,0.065934,0.20879099999999998,0.098901,0.10784300000000001,0.14285699999999998,0.032967,0.032967,0.197802,0.098901,0.752941,8.136224,2.5,0.252864,0.468128,0.18949000000000002,0.5,1.166667,1.0,0,0,1,0,2,0,0,0,0,1,0,0,0,0,1,0,1,0,0,0,0,0,0,0,0
67,summary_FFN_maz-16987,24.0,6.8125,2.4375,48,5.5,8.5,2.0,0.0,0.0,0.125,0.0625,0.208333,0.083333,0.11111099999999999,0.145833,0.020833,0.041667,0.229167,0.1875,0.7391300000000001,7.822044,3.0,0.102107,0.472904,0.137353,0.5,3.5,2.0,0,1,0,0,0,0,0,0,0,0,0,0,0,0,2,0,1,0,0,0,0,0,0,0,0
68,summary_FFN_maz-17062,19.857143,5.755396,2.064748,139,5.285714,6.857142999999999,0.714286,0.14285699999999998,0.0,0.14388499999999999,0.057553999999999994,0.23021599999999998,0.100719,0.091503,0.17266199999999998,0.043164999999999995,0.035970999999999996,0.201439,0.122302,0.69697,8.517967,2.857143,0.11480499999999999,0.460483,0.234952,0.857143,2.428571,1.142857,0,0,0,0,4,0,0,0,0,0,0,0,0,0,0,2,2,0,0,0,0,0,0,0,0
69,summary_FFN_maz-17091,19.0,5.2421050000000005,1.8105259999999999,95,5.4,7.2,1.0,0.4,0.0,0.178947,0.052632000000000005,0.252632,0.031579,0.095238,0.178947,0.042105000000000004,0.063158,0.16842100000000002,0.094737,0.722222,8.628682000000001,3.4,0.184988,0.31961999999999996,0.253744,0.8,2.8,1.8,0,0,0,0,3,0,2,1,0,0,0,0,0,0,1,0,2,0,0,0,0,0,0,0,0
70,summary_FFN_maz-17254,17.875,5.7552449999999995,2.041958,143,5.25,6.0,0.75,0.5,0.0,0.132867,0.034964999999999996,0.22377600000000003,0.06992999999999999,0.089172,0.132867,0.041957999999999995,0.027972000000000004,0.18881099999999998,0.11188800000000002,0.6518520000000001,8.452614,2.375,0.166384,0.355079,0.10603299999999999,0.75,1.875,1.5,1,0,0,0,4,0,1,0,0,0,0,0,0,0,0,3,3,0,0,0,0,0,0,0,0
71,summary_FFN_maz-17300,18.666667,5.321429,1.857143,56,4.3333330000000005,7.0,1.333333,0.666667,0.0,0.16071400000000002,0.07142899999999999,0.16071400000000002,0.053571,0.138462,0.125,0.053571,0.035713999999999996,0.232143,0.107143,0.867925,6.837333,3.0,0.179064,0.45313100000000006,0.137854,1.0,1.666667,1.333333,0,0,0,0,1,0,0,0,0,0,0,0,0,0,0,1,1,0,0,0,0,0,0,0,0
72,summary_FFN_maz-17539,25.25,6.287129,2.158416,101,6.25,9.25,1.5,0.5,0.0,0.13861400000000001,0.059405999999999994,0.17821800000000002,0.08910900000000001,0.106195,0.148515,0.06930700000000001,0.0,0.158416,0.148515,0.783505,8.138916,3.5,0.15614,0.36508,0.261416,1.75,2.5,2.0,1,0,0,0,1,0,2,0,0,1,0,0,0,0,0,2,1,0,0,0,0,0,0,0,0
73,summary_FFN_maz-1757,18.0,5.597222,1.9375,144,5.5,6.0,0.875,0.625,0.0,0.145833,0.0625,0.243056,0.090278,0.09434,0.159722,0.069444,0.020833,0.180556,0.131944,0.676471,7.897459,2.625,0.189146,0.26088,0.214446,1.25,2.375,1.25,0,0,1,0,3,1,0,0,0,0,0,0,0,0,0,0,4,0,0,0,0,1,0,0,0
74,summary_FFN_maz-17673,18.0,6.388889,2.5,36,5.0,5.5,1.5,0.0,0.5,0.138889,0.055555999999999994,0.194444,0.083333,0.121951,0.138889,0.083333,0.083333,0.277778,0.083333,0.8235290000000001,8.790416,2.5,0.104153,0.48422600000000005,0.195179,1.5,2.0,1.5,0,0,0,0,2,0,0,0,0,0,0,0,0,0,0,0,0,0,0,0,0,0,0,0,1
75,summary_FFN_maz-17698,31.666666999999997,5.610526,2.0,95,10.0,9.666667,1.666667,0.333333,0.0,0.094737,0.031579,0.24210500000000001,0.063158,0.12037,0.126316,0.073684,0.010526,0.189474,0.2,0.717391,8.410062,3.0,0.144542,0.293538,0.180028,2.333333,2.666667,2.0,1,0,0,0,2,0,0,0,0,0,0,0,0,0,0,0,1,0,0,0,0,0,0,1,0
76,summary_FFN_maz-17706,19.0,6.0,2.052632,19,5.0,7.0,1.0,1.0,0.0,0.157895,0.052632000000000005,0.157895,0.052632000000000005,0.095238,0.10526300000000001,0.10526300000000001,0.052632000000000005,0.157895,0.157895,0.9444440000000001,7.440929,3.0,0.05967000000000001,0.499569,0.0,2.0,0.0,3.0,0,0,1,0,0,0,0,0,0,0,0,0,0,0,0,1,1,0,0,0,0,0,0,0,0
77,summary_FFN_maz-17953,26.0,5.596154,1.9807689999999998,52,7.0,6.0,2.0,0.5,0.0,0.173077,0.05769199999999999,0.25,0.09615399999999999,0.103448,0.11538499999999999,0.038462,0.11538499999999999,0.153846,0.019231,0.86,7.931442,4.5,0.20455299999999998,0.35128400000000004,0.142559,1.0,1.5,4.5,0,0,1,0,4,0,0,0,0,0,0,2,0,0,1,0,1,0,0,0,0,0,0,0,0
78,summary_FFN_maz-18006,20.0,5.6,1.975,80,5.0,6.0,1.0,0.0,0.25,0.1625,0.0625,0.175,0.075,0.090909,0.125,0.05,0.025,0.2,0.1,0.828947,8.161152000000001,3.25,0.318815,0.40808099999999997,0.29232199999999997,1.0,1.5,1.75,0,0,0,0,1,0,1,0,0,1,0,0,0,0,1,1,2,0,0,0,0,0,0,0,0
79,summary_FFN_maz-18160,33.5,5.798507,2.0,134,8.5,8.5,1.75,0.25,0.0,0.134328,0.059701,0.19403,0.104478,0.075862,0.126866,0.052239,0.08209,0.149254,0.11194000000000001,0.7,8.208203,4.5,0.169467,0.41927,0.179705,1.75,2.75,5.0,2,0,2,1,6,0,0,0,0,0,0,0,0,0,0,2,6,0,0,0,0,0,1,0,0
80,summary_FFN_maz-18171,24.5,5.9693879999999995,2.091837,98,6.0,8.25,1.75,0.25,0.0,0.193878,0.081633,0.193878,0.091837,0.10091699999999999,0.16326500000000002,0.061224,0.061224,0.16326500000000002,0.07142899999999999,0.776596,8.429703,4.75,0.135498,0.385457,0.27869,1.5,2.0,3.0,0,0,1,0,2,1,2,0,0,1,0,0,0,0,0,1,2,0,0,0,0,0,1,0,1
81,summary_FFN_maz-1818,15.0,5.155556,1.822222,45,3.666667,6.0,1.0,0.0,0.0,0.13333299999999998,0.06666699999999999,0.13333299999999998,0.06666699999999999,0.117647,0.13333299999999998,0.06666699999999999,0.044444,0.244444,0.088889,0.857143,8.022267999999999,2.0,0.107546,0.589109,0.06299400000000001,1.0,1.333333,2.0,0,1,0,0,1,0,2,1,0,0,0,0,0,0,0,0,1,0,0,0,0,0,0,0,0
82,summary_FFN_maz-18333,17.857143,5.5920000000000005,1.976,125,4.285714,5.857143,0.714286,0.28571399999999997,0.0,0.136,0.064,0.192,0.12,0.087591,0.14400000000000002,0.024,0.032,0.168,0.12,0.694915,8.585525,2.428571,0.225465,0.44434399999999996,0.268945,0.428571,1.857143,2.285714,0,0,1,0,3,0,3,1,0,0,0,1,0,0,0,3,4,0,0,0,0,0,0,0,0
83,summary_FFN_maz-18354,21.4,6.0,2.074766,107,6.2,6.8,0.6,0.6,0.0,0.046729,0.0,0.27102800000000005,0.10280399999999999,0.069565,0.17757,0.018692,0.037383,0.121495,0.14018699999999998,0.7156859999999999,8.664357,1.0,0.154337,0.274831,0.139006,0.4,3.0,2.2,0,1,0,0,5,1,2,0,0,1,0,0,0,0,0,0,1,0,0,0,0,0,0,0,0
84,summary_FFN_maz-18377,13.333332999999998,5.725,2.0375,80,4.1666669999999995,5.5,0.5,0.5,0.0,0.125,0.05,0.2375,0.1,0.11111099999999999,0.125,0.0375,0.05,0.2125,0.15,0.797297,7.853757000000001,1.666667,0.151454,0.33237,0.111035,0.5,1.0,1.333333,0,0,0,1,2,1,0,0,0,0,0,0,0,0,1,1,1,0,0,0,0,0,0,1,0
85,summary_FFN_maz-18454,15.571429,5.146789,1.816514,109,4.857143,6.571428999999999,1.285714,0.428571,0.14285699999999998,0.165138,0.055046000000000005,0.229358,0.073394,0.141732,0.146789,0.055046000000000005,0.036697,0.23853200000000002,0.11009200000000001,0.656863,8.204853,2.571429,0.21332800000000002,0.41436000000000006,0.297273,0.857143,1.714286,1.5714290000000002,1,0,0,0,3,0,0,0,0,1,0,1,0,0,0,1,4,0,0,0,0,0,0,0,0
86,summary_FFN_maz-18480,20.0,6.05,2.0,80,5.0,6.75,1.25,0.5,0.0,0.15,0.0375,0.1875,0.1,0.101124,0.15,0.05,0.0625,0.175,0.075,0.8421049999999999,7.528764999999999,3.0,0.339314,0.39364699999999997,0.11560799999999999,1.0,1.75,2.75,1,1,0,0,2,1,1,0,0,0,0,0,0,0,0,1,2,0,0,0,0,0,1,1,0
87,summary_FFN_maz-18712,17.5,6.542857,2.428571,35,6.0,7.0,1.5,0.0,0.0,0.14285699999999998,0.05714299999999999,0.257143,0.05714299999999999,0.125,0.11428599999999998,0.05714299999999999,0.05714299999999999,0.2,0.085714,0.909091,8.100234,2.5,0.116219,0.39739800000000003,0.0,1.0,1.0,2.0,0,0,0,0,2,0,0,1,0,0,0,0,0,0,0,1,0,0,0,0,0,0,0,0,0
88,summary_FFN_maz-18750,10.0,5.2,1.8,10,4.0,4.0,0.0,0.0,0.0,0.2,0.2,0.3,0.1,0.090909,0.0,0.1,0.1,0.2,0.1,1.0,7.838342999999999,2.0,0.48341300000000004,0.0,0.0,1.0,0.0,2.0,0,0,0,0,1,0,0,0,0,0,0,0,0,0,0,1,0,0,0,0,0,0,0,0,0
89,summary_FFN_maz-18912,24.0,6.5,2.25,24,10.0,9.0,2.0,0.0,0.0,0.125,0.041667,0.333333,0.0,0.11111099999999999,0.041667,0.083333,0.125,0.166667,0.166667,0.913043,8.0893,3.0,0.020474000000000003,0.408319,0.0,2.0,1.0,7.0,0,0,0,0,1,0,0,0,0,0,0,1,0,0,0,2,2,0,0,0,0,0,1,0,0
90,summary_FFN_maz-18914,14.285714000000002,5.27,1.83,100,4.0,5.0,0.428571,0.28571399999999997,0.14285699999999998,0.13,0.06,0.19,0.1,0.107143,0.19,0.08,0.02,0.2,0.08,0.709677,8.759038,1.857143,0.207335,0.392887,0.162339,1.142857,2.142857,1.285714,0,0,0,0,2,0,2,1,0,0,0,0,0,0,0,2,2,0,0,0,0,0,0,0,0
91,summary_FFN_maz-18945,34.0,5.705882,2.0,102,7.6666669999999995,7.3333330000000005,0.666667,0.666667,0.0,0.098039,0.009804,0.205882,0.098039,0.072727,0.147059,0.019608,0.10784300000000001,0.147059,0.156863,0.717172,8.664671,3.333333,0.160058,0.32255300000000003,0.233987,0.666667,3.0,5.0,1,0,0,0,7,0,1,0,0,2,0,0,0,0,0,0,2,0,0,0,0,0,1,1,0
92,summary_FFN_maz-19012,16.5,5.181818,1.9393939999999998,33,5.0,6.0,1.0,0.5,0.0,0.181818,0.090909,0.24242399999999997,0.030302999999999997,0.108108,0.24242399999999997,0.06060599999999999,0.030302999999999997,0.181818,0.06060599999999999,0.8064520000000001,6.980980000000001,3.0,0.142904,0.298001,0.0,1.0,2.5,1.5,0,0,1,0,0,0,0,0,0,0,0,0,0,0,1,0,1,0,0,0,0,0,0,0,0
93,summary_FFN_maz-19074,19.333333,5.758621,2.12069,58,5.0,6.6666669999999995,1.0,0.333333,0.0,0.103448,0.034483,0.172414,0.137931,0.09375,0.137931,0.034483,0.068966,0.155172,0.172414,0.727273,9.611875999999999,2.0,0.207425,0.46794600000000003,0.314394,0.666667,1.666667,2.0,0,0,0,0,4,0,1,0,0,0,0,0,0,0,0,0,1,0,0,0,0,0,0,0,0
94,summary_FFN_maz-19150,25.8,5.736434,2.015504,129,6.0,8.2,1.0,0.4,0.0,0.16279100000000002,0.069767,0.147287,0.139535,0.085106,0.12403099999999999,0.054264,0.077519,0.170543,0.116279,0.7258060000000001,8.237428999999999,4.2,0.147651,0.403767,0.132776,1.4,2.6,2.6,0,0,0,0,3,1,2,0,0,0,0,1,0,0,0,1,4,0,0,0,0,0,0,0,0
95,summary_FFN_maz-19295,18.6,6.064516,2.268817,93,4.8,6.0,1.2,0.2,0.0,0.150538,0.043011,0.24731199999999998,0.086022,0.11428599999999998,0.11828,0.032257999999999995,0.021505,0.290323,0.12903199999999998,0.818182,8.194503,2.6,0.101037,0.41827200000000003,0.191692,0.6,1.8,2.2,0,0,0,0,2,0,1,1,0,0,0,0,0,0,0,1,3,0,0,0,0,0,2,1,0
96,summary_FFN_maz-19372,12.5,5.18,1.78,50,3.0,4.75,0.5,0.75,0.0,0.1,0.02,0.22,0.04,0.107143,0.2,0.04,0.06,0.22,0.06,0.804348,7.520459,1.25,0.15951300000000002,0.248468,0.21873800000000002,0.5,2.0,0.75,0,0,0,0,1,0,0,0,0,0,0,0,0,0,0,1,1,0,0,0,0,0,0,0,0
97,summary_FFN_maz-19436,27.0,6.246914,2.308642,81,6.0,7.0,1.0,0.0,0.0,0.135802,0.061728,0.17284000000000002,0.123457,0.068966,0.061728,0.049382999999999996,0.049382999999999996,0.209877,0.135802,0.807692,7.6033990000000005,3.666667,0.148296,0.31451,0.10570399999999999,1.333333,1.333333,2.666667,0,0,0,0,2,0,0,0,0,0,0,0,0,0,0,2,3,0,0,0,0,0,0,0,0
98,summary_FFN_maz-19442,20.0,6.2,2.2,20,7.0,7.0,2.0,0.0,0.0,0.3,0.1,0.25,0.05,0.130435,0.15,0.1,0.05,0.2,0.05,0.947368,7.757492,6.0,0.107325,0.524896,0.0,2.0,2.0,1.0,0,0,0,0,1,0,0,0,0,0,0,0,0,0,0,0,0,0,0,0,0,0,0,0,0
99,summary_FFN_maz-19501,19.75,5.683544,1.943038,158,5.75,7.75,0.625,0.5,0.0,0.132911,0.044304,0.246835,0.056962,0.08670499999999999,0.18987300000000001,0.025315999999999998,0.056962,0.16455699999999998,0.101266,0.68,8.070905,2.625,0.209736,0.32074,0.092064,0.5,3.125,2.25,1,1,1,0,6,0,0,2,0,0,0,0,0,0,1,0,5,0,0,0,0,0,0,1,0
100,summary_FFN_maz-2316,19.166667,5.817391000000001,2.008696,115,5.5,5.8333330000000005,0.833333,0.333333,0.0,0.130435,0.043477999999999996,0.2,0.043477999999999996,0.08,0.13913,0.034783,0.043477999999999996,0.165217,0.12173900000000001,0.765766,7.7181679999999995,2.5,0.140736,0.339543,0.179965,0.666667,1.666667,2.666667,0,0,1,0,4,0,3,1,0,2,0,0,0,0,0,3,2,0,0,0,0,0,0,0,0
101,summary_FFN_maz-2609,24.25,5.690722,2.103093,97,6.0,7.0,2.0,0.5,0.0,0.154639,0.051546,0.206186,0.103093,0.13913,0.113402,0.061855999999999994,0.030927999999999997,0.268041,0.103093,0.8064520000000001,7.950647,3.75,0.111034,0.385762,0.239019,1.5,2.0,3.25,0,0,0,0,2,1,3,1,0,0,0,1,0,0,0,2,1,0,0,0,0,1,0,1,0
102,summary_FFN_maz-2611,23.0,6.130434999999999,2.173913,138,6.6666669999999995,7.8333330000000005,0.666667,0.5,0.0,0.108696,0.028986,0.24637699999999998,0.130435,0.08,0.108696,0.028986,0.028986,0.144928,0.137681,0.719697,8.622094,2.5,0.175739,0.281425,0.16354200000000002,0.666667,2.0,1.833333,0,0,1,0,3,1,1,0,0,0,0,0,0,0,0,3,2,0,0,0,0,0,0,0,0
103,summary_FFN_maz-2669,23.25,5.967741999999999,2.16129,93,7.25,5.75,2.25,0.5,0.0,0.12903199999999998,0.043011,0.258065,0.053763,0.146789,0.18279600000000001,0.075269,0.043011,0.27957,0.086022,0.715909,8.078073,3.0,0.1609,0.463891,0.09565599999999999,1.75,3.25,1.75,0,0,1,0,1,0,0,1,0,0,0,0,0,0,0,1,0,0,0,0,0,0,2,1,0
104,summary_FFN_maz-3073,19.8,6.282828,2.181818,99,6.2,6.6,0.6,0.2,0.0,0.131313,0.06060599999999999,0.252525,0.050505,0.074766,0.161616,0.020202,0.040404,0.151515,0.151515,0.744681,8.072467,2.6,0.156148,0.43747600000000003,0.06014,0.4,2.0,1.4,0,0,0,0,1,1,0,1,0,0,0,0,0,0,0,0,3,0,0,0,0,0,0,1,0
105,summary_FFN_maz-3080,26.0,5.948718,2.115385,78,7.3333330000000005,7.6666669999999995,1.666667,0.0,0.0,0.11538499999999999,0.064103,0.230769,0.10256400000000002,0.13333299999999998,0.10256400000000002,0.025641000000000004,0.089744,0.230769,0.141026,0.746667,7.911635,3.0,0.24041500000000002,0.423767,0.101798,0.666667,2.333333,4.0,0,0,0,0,5,0,0,0,0,0,0,0,0,0,0,3,3,0,0,0,0,0,0,1,0
106,summary_FFN_maz-3110,20.0,5.62,1.99,100,5.6,6.2,1.0,0.8,0.0,0.11,0.04,0.23,0.12,0.090909,0.13,0.04,0.03,0.17,0.11,0.802083,8.695094000000001,2.2,0.095502,0.176208,0.177151,0.8,2.2,2.2,2,0,1,0,2,0,1,0,0,0,0,1,0,0,1,2,1,0,0,0,0,0,0,0,0
107,summary_FFN_maz-3277,16.5,5.484848,2.0,33,5.5,6.0,0.5,0.5,0.0,0.12121199999999999,0.030302999999999997,0.272727,0.090909,0.083333,0.181818,0.06060599999999999,0.030302999999999997,0.151515,0.151515,0.8387100000000001,8.137272,2.0,0.17774,0.46247,0.14960199999999998,1.0,2.5,1.0,0,0,1,0,0,0,0,0,0,0,0,0,0,0,0,0,1,0,0,0,0,0,0,0,0
108,summary_FFN_maz-3367,18.8,5.734043,1.9574470000000002,94,5.0,6.2,1.4,0.6,0.0,0.12766,0.042553,0.24468099999999998,0.14893599999999999,0.11320799999999999,0.14893599999999999,0.010638,0.053190999999999995,0.19148900000000002,0.085106,0.775281,8.127129,2.4,0.196331,0.32124400000000003,0.230113,0.2,2.0,2.0,1,0,0,0,4,0,1,0,0,0,0,0,0,0,0,1,1,0,0,0,0,0,1,1,0
109,summary_FFN_maz-3377,16.285714000000002,5.789474,2.035088,114,4.571429,6.857142999999999,0.28571399999999997,0.28571399999999997,0.0,0.122807,0.06140399999999999,0.245614,0.096491,0.073171,0.157895,0.017544,0.035088,0.157895,0.140351,0.7289720000000001,8.064949,2.0,0.16655999999999999,0.44851,0.252155,0.28571399999999997,2.142857,1.5714290000000002,0,0,0,0,4,1,0,0,0,0,0,1,0,0,0,0,4,0,0,0,0,0,0,0,0
110,summary_FFN_maz-3415,21.0,6.111111,2.095238,63,5.6666669999999995,7.6666669999999995,2.333333,0.333333,0.0,0.15872999999999998,0.06349199999999999,0.190476,0.095238,0.136986,0.095238,0.095238,0.12698399999999999,0.20634899999999998,0.06349199999999999,0.8,8.401782,3.333333,0.14178,0.393347,0.209879,2.0,1.0,3.333333,0,0,0,0,5,0,1,0,0,0,0,0,0,0,0,1,3,0,0,0,0,0,0,0,0
111,summary_FFN_maz-3547,20.166667,6.8099169999999996,2.347107,121,5.0,6.5,0.5,0.5,0.0,0.099174,0.041322000000000005,0.24793400000000002,0.115702,0.083333,0.17355399999999999,0.008264,0.033058,0.190083,0.107438,0.756522,8.520050999999999,2.0,0.215414,0.418455,0.331467,0.166667,2.666667,1.5,0,0,0,0,3,1,1,0,0,0,0,2,0,0,0,0,2,0,0,0,0,0,0,0,0
112,summary_FFN_maz-4031,19.75,6.202532,2.367089,79,5.75,6.75,0.25,0.0,0.0,0.139241,0.075949,0.227848,0.101266,0.08139500000000001,0.126582,0.037975,0.037975,0.18987300000000001,0.126582,0.786667,8.436417,2.75,0.177043,0.405042,0.136996,0.75,2.0,2.75,0,0,0,0,4,0,0,1,0,0,0,0,0,0,0,2,3,0,0,0,0,1,0,0,0
113,summary_FFN_maz-4181,16.2,5.777778,2.123457,81,4.6,6.0,1.2,0.2,0.0,0.17284000000000002,0.049382999999999996,0.27160500000000004,0.074074,0.119565,0.185185,0.024691,0.037037,0.209877,0.09876499999999999,0.763158,8.068042,2.8,0.169318,0.393921,0.080451,0.4,2.0,1.0,1,0,0,0,1,0,0,1,0,0,0,0,0,0,1,0,1,0,0,0,0,0,0,0,0
114,summary_FFN_maz-4282,18.0,5.805556,2.069444,72,4.25,6.25,1.25,0.25,0.0,0.152778,0.069444,0.194444,0.097222,0.13253,0.152778,0.069444,0.069444,0.208333,0.069444,0.779412,6.817322,2.75,0.174526,0.38108000000000003,0.127277,1.25,1.75,2.0,1,0,0,0,2,0,1,0,0,0,0,0,0,0,0,1,1,0,0,0,0,0,1,1,0
115,summary_FFN_maz-4403,23.75,6.4,2.484211,95,7.0,7.5,1.25,0.75,0.0,0.094737,0.021053,0.29473699999999997,0.08421100000000001,0.095238,0.147368,0.010526,0.0,0.252632,0.189474,0.714286,8.318968,2.25,0.063404,0.40796,0.036862,0.25,2.75,1.25,0,0,0,0,1,0,2,0,0,0,0,0,0,0,0,0,0,0,0,2,0,0,0,0,0
116,summary_FFN_maz-4428,14.0,5.428571,2.190476,42,4.6666669999999995,6.3333330000000005,1.0,0.333333,0.0,0.14285699999999998,0.047619,0.261905,0.07142899999999999,0.125,0.14285699999999998,0.047619,0.0,0.23809499999999997,0.14285699999999998,0.8205129999999999,7.575292999999999,2.0,0.071707,0.48039499999999996,0.139694,0.666667,1.666667,1.0,0,0,1,1,0,0,0,0,0,0,0,0,0,0,0,1,0,0,0,0,0,0,0,0,0
117,summary_FFN_maz-4472,21.0,5.771429,2.047619,105,5.2,7.0,1.0,0.2,0.0,0.12380999999999999,0.05714299999999999,0.2,0.05714299999999999,0.078947,0.152381,0.019048,0.085714,0.13333299999999998,0.12380999999999999,0.7821779999999999,8.069968,2.6,0.120816,0.37140100000000004,0.144554,0.4,2.8,2.8,0,0,1,1,3,0,2,2,0,0,0,1,0,0,0,3,1,0,0,0,0,0,0,0,0
118,summary_FFN_maz-4636,19.666667,6.20339,2.0338979999999998,59,4.6666669999999995,6.0,1.0,0.666667,0.0,0.152542,0.016949000000000002,0.186441,0.152542,0.092308,0.118644,0.033898000000000005,0.050847,0.152542,0.084746,0.875,7.882266,3.0,0.184994,0.47807299999999997,0.160296,0.666667,1.666667,2.333333,1,0,0,0,3,0,0,0,0,0,0,0,0,0,1,0,2,0,0,0,0,0,0,0,0
119,summary_FFN_maz-4794,21.0,5.742857,2.0095240000000003,105,5.8,7.6,0.6,0.6,0.0,0.14285699999999998,0.038095,0.219048,0.095238,0.086957,0.12380999999999999,0.07619,0.05714299999999999,0.180952,0.12380999999999999,0.67,8.210714,3.0,0.183842,0.332712,0.229116,1.6,2.2,2.6,0,0,0,0,8,0,0,0,0,0,0,0,0,0,0,2,3,0,0,0,0,0,0,0,0
120,summary_FFN_maz-4959,15.142857000000001,5.962264,2.160377,106,4.0,6.571428999999999,0.428571,0.0,0.0,0.160377,0.075472,0.254717,0.075472,0.086207,0.198113,0.018868,0.037736,0.17924500000000002,0.09434,0.69697,8.645967,2.428571,0.23754899999999998,0.486213,0.279497,0.28571399999999997,2.142857,0.857143,1,0,0,0,3,0,0,0,0,0,0,0,0,0,1,1,0,0,0,0,0,0,0,0,0
121,summary_FFN_maz-5007,18.5,5.081081,1.837838,37,5.0,6.5,1.0,1.0,0.0,0.13513499999999998,0.054054,0.18918900000000002,0.081081,0.139535,0.108108,0.054054,0.054054,0.216216,0.108108,0.8857139999999999,7.540089999999999,2.5,0.20108299999999998,0.39027399999999995,0.123698,1.0,2.0,2.5,2,0,0,0,1,0,1,0,0,0,0,0,0,0,0,1,0,0,0,0,0,0,0,0,0
122,summary_FFN_maz-5010,19.0,6.578947,2.368421,19,6.0,5.0,1.0,0.0,0.0,0.21052600000000002,0.10526300000000001,0.263158,0.052632000000000005,0.095238,0.157895,0.052632000000000005,0.052632000000000005,0.157895,0.052632000000000005,1.0,7.655100999999999,4.0,0.077218,0.418392,0.0,1.0,1.0,3.0,1,0,1,0,0,0,0,0,0,0,0,0,0,0,1,0,0,0,0,0,0,0,0,0,0
123,summary_FFN_maz-5012,14.428571,5.762376000000001,2.108911,101,4.0,5.428571,0.14285699999999998,0.428571,0.0,0.11881199999999999,0.059405999999999994,0.247525,0.11881199999999999,0.09009,0.168317,0.029702999999999997,0.019802,0.207921,0.11881199999999999,0.734043,8.013012,1.714286,0.240217,0.514666,0.10298099999999999,0.428571,1.714286,1.0,0,0,1,0,3,0,0,0,0,0,0,0,0,0,1,1,1,0,0,0,0,0,0,0,0
124,summary_FFN_maz-5039,17.75,6.43662,2.225352,71,5.5,7.75,0.75,0.25,0.0,0.15492999999999998,0.056338,0.253521,0.169014,0.1125,0.098592,0.042254,0.056338,0.183099,0.112676,0.880597,9.183256,2.75,0.202431,0.41293500000000005,0.288326,0.75,1.0,1.25,0,0,0,0,2,0,0,0,0,0,0,1,0,0,0,0,1,0,0,0,0,0,1,0,0
125,summary_FFN_maz-5144,16.333333,5.785714,2.081633,98,4.5,7.3333330000000005,1.333333,0.166667,0.0,0.193878,0.091837,0.22449000000000002,0.10204099999999999,0.125,0.122449,0.051019999999999996,0.051019999999999996,0.214286,0.091837,0.7608699999999999,8.491899,3.166667,0.188328,0.436675,0.22129000000000001,0.833333,1.5,1.166667,1,0,0,0,4,0,1,0,0,0,0,1,0,0,0,0,0,0,0,0,0,0,0,0,0
126,summary_FFN_maz-5297,20.75,6.060241,2.096386,83,6.5,7.75,1.0,0.25,0.0,0.14457799999999998,0.084337,0.26506,0.10843399999999999,0.107527,0.168675,0.024096,0.060240999999999996,0.168675,0.12048199999999999,0.759494,8.488191,3.0,0.207643,0.452928,0.18826400000000001,0.5,2.25,1.75,1,0,1,0,3,0,0,0,0,0,0,0,0,0,0,1,1,0,0,0,0,0,0,0,0
127,summary_FFN_maz-5701,28.0,6.047619,2.130952,84,7.6666669999999995,8.666667,3.333333,0.0,0.0,0.15476199999999998,0.07142899999999999,0.202381,0.07142899999999999,0.134021,0.178571,0.07142899999999999,0.047619,0.202381,0.107143,0.740741,8.579592,4.3333330000000005,0.141023,0.26350500000000004,0.22495199999999999,2.0,3.333333,5.0,2,1,0,1,0,0,3,0,0,0,0,0,0,0,2,4,2,0,0,0,0,0,0,0,0
128,summary_FFN_maz-5709,17.166667,5.883495,2.126214,103,4.5,7.0,1.0,0.333333,0.0,0.165049,0.06796100000000001,0.20388299999999998,0.116505,0.104348,0.14563099999999998,0.06796100000000001,0.038835,0.18446600000000002,0.097087,0.765306,7.943639,2.833333,0.086377,0.260315,0.149366,1.166667,1.833333,1.5,2,0,0,0,2,0,0,0,0,0,0,0,0,0,0,4,0,0,1,0,0,0,0,0,0
129,summary_FFN_maz-5715,16.25,5.907692,2.184615,65,3.0,6.75,1.0,0.0,0.0,0.184615,0.076923,0.153846,0.076923,0.13333299999999998,0.12307699999999999,0.030769,0.076923,0.215385,0.061538,0.901639,8.263589999999999,3.0,0.129079,0.531165,0.049227999999999994,0.5,1.0,2.0,0,0,1,0,1,0,1,1,0,0,0,2,0,0,0,1,1,0,0,0,0,0,0,0,0
130,summary_FFN_maz-5873,19.0,5.789474,2.087719,57,5.3333330000000005,8.0,0.666667,0.333333,0.0,0.10526300000000001,0.035088,0.280702,0.052632000000000005,0.109375,0.21052600000000002,0.0,0.017544,0.192982,0.140351,0.777778,8.518351,2.0,0.128716,0.460012,0.362563,0.0,3.0,2.0,1,0,0,0,2,0,1,1,0,0,0,0,0,0,0,0,1,0,0,0,0,0,0,0,0
131,summary_FFN_maz-5876,20.0,5.275,1.875,80,5.75,6.5,1.75,0.75,0.0,0.15,0.0625,0.15,0.0875,0.139785,0.0875,0.1125,0.0375,0.225,0.1125,0.684211,7.667075,3.0,0.201147,0.36951999999999996,0.178426,2.25,1.0,1.25,0,0,1,0,0,0,0,0,0,0,0,0,0,0,1,1,1,0,0,0,0,0,0,1,0
132,summary_FFN_maz-5932,14.333332999999998,5.496124,1.937984,129,3.777778,4.6666669999999995,1.333333,0.44444399999999995,0.11111099999999999,0.139535,0.046512,0.232558,0.054264,0.128378,0.147287,0.031007999999999997,0.054264,0.24031,0.085271,0.7131149999999999,7.373832000000001,2.0,0.188113,0.341211,0.217611,0.44444399999999995,1.7777779999999999,1.888889,2,0,0,1,4,1,2,2,0,1,0,0,0,0,1,0,2,0,0,0,0,0,0,1,0
133,summary_FFN_maz-6046,10.5,6.142857,2.238095,21,3.5,4.5,0.5,1.0,0.0,0.14285699999999998,0.0,0.190476,0.047619,0.125,0.047619,0.047619,0.047619,0.28571399999999997,0.14285699999999998,1.0,8.010028,1.5,0.041127,0.419333,0.0,0.5,0.0,0.5,0,0,0,0,1,0,0,0,0,0,0,0,0,0,0,0,0,0,0,0,0,0,0,0,0
134,summary_FFN_maz-6165,19.125,5.320261,1.895425,153,4.875,6.0,0.5,0.375,0.125,0.12418299999999999,0.052288,0.196078,0.058824,0.078313,0.150327,0.045752,0.039216,0.17647100000000002,0.117647,0.655172,7.915396,2.375,0.154279,0.348513,0.096969,0.875,2.125,2.125,1,0,2,0,3,0,6,0,0,0,0,0,0,0,0,0,3,0,0,0,0,0,1,1,0
135,summary_FFN_maz-6193,25.5,5.352941,1.852941,102,7.75,7.0,0.75,0.25,0.25,0.156863,0.078431,0.205882,0.068627,0.089286,0.166667,0.08823500000000001,0.029412,0.166667,0.10784300000000001,0.742268,7.545389999999999,4.0,0.247486,0.53472,0.242973,2.25,3.5,1.25,1,0,0,0,2,0,0,0,0,0,0,0,0,0,0,0,1,0,0,0,0,0,1,0,0
136,summary_FFN_maz-6539,29.75,6.478992,2.352941,119,7.75,7.75,1.0,0.5,0.0,0.117647,0.042017,0.235294,0.134454,0.06299199999999999,0.117647,0.02521,0.05042,0.14285699999999998,0.117647,0.747826,9.136909,3.5,0.20353800000000002,0.357049,0.136705,0.75,2.25,2.5,1,0,0,0,4,0,0,0,0,0,0,0,0,0,1,2,2,0,0,0,0,0,0,0,0
137,summary_FFN_maz-6728,22.75,6.32967,2.120879,91,6.25,6.75,0.5,0.5,0.0,0.098901,0.043956,0.263736,0.131868,0.080808,0.153846,0.021978,0.021978,0.175824,0.153846,0.7471260000000001,8.089176,2.25,0.179557,0.502737,0.12600699999999998,0.5,2.5,1.25,0,0,0,0,1,0,1,0,0,0,0,0,0,0,0,1,1,0,0,0,0,0,0,1,0
138,summary_FFN_maz-6918,17.5,6.1,2.164286,140,4.625,6.125,1.0,0.25,0.0,0.135714,0.064286,0.207143,0.121429,0.10256400000000002,0.15,0.042857,0.042857,0.192857,0.078571,0.727273,9.226188,2.375,0.195117,0.40981999999999996,0.21202600000000002,0.75,1.5,1.0,0,0,1,0,2,0,0,0,0,0,0,0,0,0,0,1,1,0,0,0,0,0,0,2,0
139,summary_FFN_maz-6993,17.0,6.352941,2.1882349999999997,85,5.0,6.6,0.8,0.6,0.0,0.082353,0.035294,0.270588,0.082353,0.09574500000000001,0.2,0.035294,0.047059,0.211765,0.070588,0.65,8.479907,1.4,0.185384,0.35436799999999996,0.101101,0.6,3.4,2.6,3,0,0,0,3,0,1,1,0,0,0,0,0,0,0,1,4,0,0,0,0,0,0,0,0
140,summary_FFN_maz-7053,16.5,5.765152,2.060606,132,4.375,6.0,0.5,0.5,0.125,0.12121199999999999,0.045455,0.234848,0.090909,0.12,0.151515,0.037879,0.053029999999999994,0.204545,0.10606099999999999,0.696,8.152721000000001,2.0,0.180346,0.433472,0.190151,0.625,1.625,1.375,0,0,1,0,6,0,0,1,0,0,0,0,0,0,0,0,1,0,0,0,0,0,1,1,0
141,summary_FFN_maz-7071,26.5,6.018868,2.415094,53,8.5,7.0,2.5,0.0,0.0,0.169811,0.056603999999999995,0.245283,0.075472,0.184615,0.09434,0.018868,0.075472,0.37735799999999997,0.11320799999999999,0.8627450000000001,8.53037,4.5,0.097359,0.46628100000000006,0.13439,0.5,2.0,3.5,0,0,1,0,3,0,0,1,0,0,0,0,0,0,0,1,1,0,0,0,0,0,0,0,0
142,summary_FFN_maz-7220,25.5,6.186275,2.2647060000000003,102,7.75,7.75,1.75,0.75,0.0,0.137255,0.04902,0.21568600000000002,0.08823500000000001,0.097345,0.147059,0.08823500000000001,0.029412,0.196078,0.127451,0.744898,9.491641,3.5,0.273268,0.456638,0.27879,2.25,3.0,1.25,0,0,0,0,2,0,0,0,0,0,0,0,0,0,0,2,1,0,0,0,0,0,0,0,0
143,summary_FFN_maz-7690,14.125,5.867257,2.079646,113,4.0,4.875,0.625,0.375,0.0,0.132743,0.053097000000000005,0.274336,0.097345,0.103175,0.19469,0.017699,0.017699,0.19469,0.132743,0.707547,8.344764999999999,1.875,0.098341,0.46112600000000004,0.153084,0.25,2.25,0.75,0,0,0,0,1,0,0,0,0,0,0,1,0,0,0,2,0,0,0,1,0,0,0,1,0
144,summary_FFN_maz-7967,13.25,6.132075,2.132075,53,4.0,6.25,0.5,0.0,0.25,0.132075,0.056603999999999995,0.301887,0.09434,0.10169500000000001,0.226415,0.0,0.037736,0.20754699999999998,0.09434,0.76,8.691073,1.75,0.175576,0.390946,0.173766,0.0,2.5,1.25,0,0,1,0,2,0,0,0,0,0,0,0,0,0,0,1,1,0,0,0,0,0,0,0,0
145,summary_FFN_maz-7969,15.4,6.61039,2.402597,77,4.2,5.8,0.2,0.4,0.0,0.11688299999999999,0.038961,0.272727,0.11688299999999999,0.114943,0.220779,0.012987,0.051948,0.23376599999999997,0.090909,0.722222,8.691206,1.8,0.104387,0.47775100000000004,0.239779,0.2,2.6,1.2,0,0,0,0,4,0,0,0,0,0,0,0,0,0,0,0,0,0,0,0,0,0,0,1,0
146,summary_FFN_maz-8134,20.75,5.373494,1.927711,83,6.75,6.0,1.5,0.75,0.0,0.13253,0.024096,0.24096399999999998,0.012048,0.117021,0.14457799999999998,0.07228899999999999,0.07228899999999999,0.216867,0.14457799999999998,0.7721520000000001,7.520776,2.75,0.073077,0.354829,0.0,1.5,2.0,2.25,0,0,0,0,2,1,1,0,0,1,0,0,0,0,1,0,2,0,0,0,0,0,0,1,0
147,summary_FFN_maz-8288,15.75,6.142857,2.214286,126,4.5,6.0,0.5,0.375,0.0,0.134921,0.047619,0.23809499999999997,0.07936499999999999,0.086957,0.14285699999999998,0.039682999999999996,0.055555999999999994,0.190476,0.134921,0.7203390000000001,8.542422,2.125,0.11930299999999999,0.417735,0.054742,0.625,1.5,2.125,1,0,0,0,4,1,1,0,0,0,0,2,0,0,0,2,5,0,0,0,0,0,1,0,0
148,summary_FFN_maz-8361,23.0,6.208696,2.1565220000000003,115,6.6,7.4,1.4,0.4,0.0,0.13913,0.052174,0.2,0.069565,0.094488,0.147826,0.034783,0.043477999999999996,0.173913,0.12173900000000001,0.7,8.223359,3.2,0.249542,0.359482,0.161379,0.8,2.2,1.6,2,2,0,0,3,0,0,0,0,0,0,0,0,0,0,0,1,0,0,0,0,0,0,0,0
149,summary_FFN_maz-8509,23.4,5.529915,1.9230770000000001,117,6.2,7.0,1.6,0.8,0.0,0.12820499999999999,0.034187999999999996,0.213675,0.09401699999999999,0.11363599999999999,0.13675199999999998,0.05128200000000001,0.08547,0.196581,0.10256400000000002,0.803571,8.240442,3.0,0.138872,0.43866499999999997,0.14391900000000002,1.2,1.8,3.8,4,1,1,0,2,1,1,1,0,0,0,1,0,0,1,2,2,0,0,1,0,1,0,0,0
150,summary_FFN_maz-8563,21.6,5.962962999999999,2.046296,108,5.0,7.0,1.2,0.4,0.0,0.11111099999999999,0.027777999999999997,0.231481,0.083333,0.107438,0.138889,0.027777999999999997,0.064815,0.212963,0.12037,0.7475729999999999,8.636673,2.4,0.139551,0.20069800000000002,0.19253,0.6,2.4,3.0,1,0,1,0,5,1,0,1,0,0,0,0,0,0,0,2,0,0,0,0,0,0,0,4,0
151,summary_FFN_maz-8586,23.5,5.836879,2.06383,141,5.8333330000000005,7.6666669999999995,1.166667,0.333333,0.0,0.134752,0.049645,0.21276599999999998,0.134752,0.101911,0.134752,0.049645,0.035461,0.177305,0.113475,0.7259260000000001,8.359135,3.166667,0.19204100000000002,0.46456499999999995,0.21074,1.166667,1.5,2.166667,2,0,0,0,2,0,1,1,0,0,0,1,0,0,2,1,1,0,0,0,0,0,0,1,0
152,summary_FFN_maz-8665,17.142857,5.575,1.9916669999999999,120,5.142857,6.714286,1.5714290000000002,0.428571,0.0,0.158333,0.058333,0.191667,0.058333,0.12408800000000002,0.125,0.083333,0.05,0.208333,0.083333,0.6991149999999999,8.515392,2.714286,0.168428,0.375838,0.200508,1.4285709999999998,1.285714,2.0,2,0,1,0,5,1,0,0,0,0,0,0,0,0,2,1,1,0,0,0,0,1,0,0,0
153,summary_FFN_maz-8727,16.0,5.5416669999999995,1.958333,48,3.666667,6.6666669999999995,0.666667,0.0,0.0,0.145833,0.083333,0.1875,0.125,0.09434,0.166667,0.0625,0.020833,0.166667,0.10416700000000001,0.8444440000000001,7.647324,2.333333,0.17868299999999998,0.294671,0.221665,1.0,2.0,1.666667,1,0,0,0,1,1,0,0,0,0,0,0,0,0,0,1,0,0,0,0,0,0,0,1,0
154,summary_FFN_maz-8838,14.5,5.977011,1.988506,87,3.5,5.1666669999999995,0.666667,0.5,0.0,0.137931,0.045977,0.22988499999999998,0.057471,0.08421100000000001,0.149425,0.022989,0.045977,0.20689699999999997,0.091954,0.7901229999999999,8.133944999999999,2.0,0.120387,0.340159,0.17172300000000001,0.333333,2.0,1.666667,1,0,0,0,2,0,1,1,0,0,0,0,0,0,1,0,2,0,0,1,0,0,0,1,0
155,summary_FFN_maz-8981,25.333333,5.934211,2.197368,76,7.0,7.0,1.0,0.0,0.0,0.131579,0.065789,0.21052600000000002,0.065789,0.073171,0.131579,0.039474,0.039474,0.171053,0.118421,0.767123,7.59961,3.333333,0.211704,0.42906099999999997,0.323868,1.0,2.333333,3.0,2,0,1,0,0,1,0,1,0,0,0,1,0,0,0,1,2,0,0,0,0,0,0,0,0
156,summary_FFN_maz-9207,16.25,6.538462,2.4769229999999998,65,3.75,5.75,0.75,0.75,0.0,0.10769200000000001,0.015385,0.215385,0.138462,0.097222,0.153846,0.046154,0.046154,0.215385,0.10769200000000001,0.852459,8.785692,1.75,0.14865699999999998,0.481149,0.233375,0.75,1.25,1.75,0,0,1,0,2,0,1,0,0,0,0,0,0,0,0,0,3,0,0,0,0,0,0,0,0
157,summary_FFN_maz-9335,10.4,6.076923000000001,2.269231,52,2.6,5.0,0.2,0.0,0.2,0.19230799999999998,0.09615399999999999,0.211538,0.05769199999999999,0.118644,0.173077,0.038462,0.019231,0.25,0.09615399999999999,0.75,9.303975999999999,2.0,0.149079,0.36041999999999996,0.305205,0.4,1.0,0.6,0,0,0,0,0,0,1,0,0,0,0,0,0,0,0,1,1,0,0,0,0,0,0,0,0
158,summary_FFN_maz-9521,33.0,5.393939,1.969697,66,9.0,8.0,2.5,0.5,0.0,0.212121,0.090909,0.212121,0.045455,0.131579,0.151515,0.030302999999999997,0.045455,0.227273,0.12121199999999999,0.8253969999999999,8.069968,7.0,0.125277,0.32905,0.060925,1.0,3.0,2.5,0,0,1,0,2,0,0,0,0,0,0,0,0,0,0,1,1,0,0,0,0,0,0,0,0
159,summary_FFN_maz-9538,19.4,5.412371,1.907216,97,6.0,6.6,1.2,0.0,0.0,0.14432999999999999,0.07216499999999999,0.206186,0.061855999999999994,0.101852,0.164948,0.082474,0.041237,0.175258,0.07216499999999999,0.684783,8.006368,2.8,0.273121,0.31716500000000003,0.117548,1.6,2.6,2.2,2,1,0,0,2,0,2,1,0,0,0,0,0,0,0,1,1,0,0,0,0,0,1,0,0
160,summary_FFN_maz-9612,18.5,5.63964,2.063063,111,5.0,6.8333330000000005,0.833333,0.166667,0.0,0.171171,0.09009,0.216216,0.099099,0.10483900000000002,0.144144,0.054054,0.045045,0.171171,0.099099,0.695238,7.826582000000001,3.166667,0.240331,0.46451099999999995,0.240693,1.0,2.333333,1.166667,1,0,0,1,1,0,0,0,0,0,0,0,0,0,0,0,3,0,0,0,0,0,0,1,0
161,summary_FFN_maz-9650,22.8,5.657895,1.9824560000000002,114,5.2,7.0,1.4,0.2,0.0,0.131579,0.06140399999999999,0.21052600000000002,0.114035,0.095238,0.131579,0.026316000000000003,0.078947,0.201754,0.114035,0.798165,8.877844999999999,3.0,0.275376,0.42752399999999996,0.189834,0.6,2.0,3.2,0,1,1,0,5,1,1,0,0,0,0,0,0,0,1,1,3,0,0,0,0,0,1,0,0
162,summary_FFN_maz-9725,17.75,5.556337999999999,2.15493,142,4.75,6.25,0.875,0.5,0.0,0.15492999999999998,0.056338,0.204225,0.10563399999999999,0.095541,0.190141,0.049296,0.042254,0.21126799999999998,0.10563399999999999,0.679104,8.155635,2.75,0.26618600000000003,0.328165,0.18088800000000002,0.875,2.0,1.625,1,0,0,0,2,0,1,1,0,0,0,0,0,0,1,2,4,0,0,0,0,0,0,0,0
163,summary_FFN_maz-9782,27.333333000000003,5.756098000000001,1.9878049999999998,82,7.3333330000000005,7.6666669999999995,1.666667,0.333333,0.0,0.15853699999999998,0.060976,0.13414600000000002,0.13414600000000002,0.088889,0.10975599999999999,0.121951,0.073171,0.146341,0.085366,0.7721520000000001,7.592649000000001,4.3333330000000005,0.12374500000000001,0.401909,0.165963,3.333333,1.666667,3.666667,2,0,0,0,4,0,1,0,0,0,0,1,0,0,0,1,1,0,0,0,0,0,1,0,0
164,summary_FFN_maz-9884,20.6,5.398058,1.854369,103,5.8,7.2,1.4,0.6,0.0,0.15534,0.038835,0.174757,0.097087,0.104348,0.12621400000000002,0.06796100000000001,0.06796100000000001,0.165049,0.087379,0.77551,7.751905000000001,3.2,0.21793600000000002,0.37262199999999995,0.196721,1.4,2.0,3.0,1,0,2,0,2,0,1,0,0,0,0,1,0,0,1,4,2,0,0,0,0,0,1,0,0
165,summary_FFN_maz-9891,20.0,5.691667,2.1333330000000004,120,5.5,8.0,1.0,0.666667,0.0,0.15,0.06666699999999999,0.23333299999999998,0.091667,0.090909,0.125,0.033333,0.041667,0.175,0.14166700000000002,0.754386,7.887099,3.0,0.177689,0.355889,0.176696,0.666667,1.666667,2.166667,2,0,0,0,3,0,4,0,0,0,0,0,0,0,0,1,3,0,0,0,0,0,0,0,0
